{
  "Admin Building 2F Hallway": [
    452.5,
    387.06783835870243
  ],
  "Admin Building Alumni Office": [
    456.0625,
    394.50309440895126
  ],
  "Admin Building CR": [
    455.34375,
    388.43991461362316
  ],
  "Admin Building Entrance": [
    458.6875,
    396.3146327162008
  ],
  "Admin Building Hallway 1": [
    452.5,
    387.06783835870243
  ],
  "Admin Building Hallway 2": [
    450.75,
    378.320063451733
  ],
  "Admin Building Outside Stairs": [
    456.8125,
    399.06551898206885
  ],
  "Admin Building Stairs 2": [
    453.5,
    382.5705914399098
  ],
  "Adming Building Outside Stairs": [
    456.8125,
    399.06551898206885
  ],
  "Alumni": [
    562.375,
    480.4431966363938
  ],
  "BAO": [
    489.6875,
    417.0046783734815
  ],
  "BAO Pathway": [
    492.5,
    422.25309440895126
  ],
  "Bay Breeze": [
    604.875,
    489.066593815143
  ],
  "CBAA 2F Hallway": [
    537.0625,
    421.13337429071873
  ],
  "CBAA CR 1": [
    533.1875,
    427.82091200415994
  ],
  "CBAA CR 2": [
    526.5,
    447.25254756405394
  ],
  "CBAA Faculty": [
    526.375,
    435.25616805440876
  ],
  "CBAA Hallway": [
    537.0625,
    421.13337429071873
  ],
  "CBAA Path": [
    534.625,
    419.25555425760274
  ],
  "CBAA Room 101": [
    526.375,
    435.25616805440876
  ],
  "CBAA Room 102": [
    536.8125,
    423.7579594428656
  ],
  "CBAA Room 103": [
    541.3125,
    418.6921868484552
  ],
  "CBAA Room 201": [
    527.90625,
    439.7521411911745
  ],
  "CBAA Room 202": [
    530.78125,
    436.4094000257265
  ],
  "CBAA Room 203": [
    539.25,
    427.1295077096095
  ],
  "CBAA Room 204": [
    545.09375,
    420.59920054563946
  ],
  "CBAA Room 205": [
    549.375,
    415.9131147996843
  ],
  "CBAA Room 206": [
    553.6875,
    411.22702905372915
  ],
  "CBAA Stairs": [
    533.3125,
    433.07225083132244
  ],
  "CBAA Student Council": [
    550.25,
    408.78983076125877
  ],
  "CCJE CR": [
    916.6875,
    699.8142829134831
  ],
  "CCJE Corridor 2": [
    861.3125,
    694.1292258121872
  ],
  "CCJE Corridor 1": [
    905,
    697.4401795610981
  ],
  "CCJE Entrance": [
    925.0625,
    686.1320920337181
  ],
  "CCJE Faculty Room": [
    856.09375,
    695.409447167528
  ],
  "CCJE Open Room 1": [
    876.875,
    696.8801120780553
  ],
  "CCJE Open Room 2": [
    888.4375,
    698.0047726570845
  ],
  "CCJE Pathway": [
    883.0625,
    695.8177252183789
  ],
  "CCJE Room 1": [
    866.5,
    696.1307720632763
  ],
  "CCJE Room 2": [
    898.9375,
    698.6300177944522
  ],
  "CCJE Room 3": [
    909.6875,
    699.2536035404074
  ],
  "CCJE Stock Room": [
    850.5,
    701.2208346210127
  ],
  "CCS 2F Hallway": [
    607,
    492.34692831080736
  ],
  "CCS 2F Stairs 2": [
    626.75,
    497.8796783734815
  ],
  "CCS AVR": [
    599.96875,
    486.0028294614763
  ],
  "CCS Dean Office": [
    594.28125,
    482.7223431586605
  ],
  "CCS Faculty Room Entrance": [
    571.5625,
    461.94668512970446
  ],
  "CCS Hallway": [
    607,
    492.34692831080736
  ],
  "CCS LAB 1": [
    598.40625,
    480.41061628420505
  ],
  "CCS LAB 2": [
    606.5625,
    485.19372462457056
  ],
  "CCS LAB 3": [
    613.625,
    489.37996122429047
  ],
  "CCS LAB 4": [
    621.625,
    494.128528113525
  ],
  "CCS Room 47": [
    610.125,
    492.34574976577
  ],
  "CCS Stairs 1": [
    593,
    477.50722403076225
  ],
  "CCS Stairs 2": [
    626.75,
    497.8796783734815
  ],
  "CCS Waiting Shed": [
    579.375,
    499.59500492530634
  ],
  "CFND Corridor": [
    466.09375,
    409.5985594171391
  ],
  "CFND Faculty Room": [
    463.125,
    407.56560288392495
  ],
  "CFND Empty Room": [
    473.15625,
    419.4072692162989
  ],
  "CFND Garage": [
    462.0625,
    397.2226071527489
  ],
  "CFND Pathway": [
    476.75,
    420.8121803891364
  ],
  "CFND Room 1": [
    467.4375,
    413.50539492886423
  ],
  "CFND Sensory Lab": [
    482.25,
    428.0010201696855
  ],
  "CFND Waiting Shed": [
    470.0625,
    405.0660846836868
  ],
  "CHMT CR 1": [
    493.3125,
    321.50909084610146
  ],
  "CHMT Dean's Office": [
    488.375,
    341.25547035574664
  ],
  "CHMT Faculty": [
    480.9375,
    344.19240465412867
  ],
  "CHMT Open Room": [
    458.9375,
    332.6317526127473
  ],
  "CHMT Room 1": [
    496.5,
    343.941405247937
  ],
  "CHMT Room 10": [
    430.0625,
    327.0050366511729
  ],
  "CHMT Room 2": [
    495.3125,
    335.75413152858414
  ],
  "CHMT Room 3": [
    494.125,
    327.6940640455413
  ],
  "CHMT Room 4": [
    461.4375,
    348.4415749584224
  ],
  "CHMT Room 5": [
    458.625,
    340.81887547833537
  ],
  "CHMT Room 6": [
    452.75,
    326.1358068076759
  ],
  "CHMT Room 7": [
    450,
    320.4500227692503
  ],
  "CHMT Room 8": [
    445.125,
    321.012353058765
  ],
  "CHMT Room 9": [
    426.75,
    329.69723197460183
  ],
  "COF 2F CR FEMALE": [
    449.9375,
    225.88156404554132
  ],
  "COF CR 1": [
    419.875,
    247.62899953154
  ],
  "COF CSLD 102": [
    424.53125,
    245.0955329134831
  ],
  "COF CR 2": [
    442.59375,
    234.72181517048378
  ],
  "COF CSLD 101 office of the dean": [
    416.25,
    249.81294408632064
  ],
  "COF CSLD 103 Faculty": [
    424.53125,
    245.0955329134831
  ],
  "COF CSLD 104": [
    433.65625,
    239.6895469075715
  ],
  "COF CSLD 105": [
    438.484375,
    237.06351402542543
  ],
  "COF CSLD 106": [
    446.84375,
    232.22223944669724
  ],
  "COF CSLD 107": [
    451.6875,
    229.50430971404325
  ],
  "COF CSLD 201": [
    414.4375,
    246.12766917935122
  ],
  "COF CSLD 202": [
    423.46875,
    240.94108373030022
  ],
  "COF CSLD 203": [
    429,
    237.87950770960953
  ],
  "COF CSLD 204": [
    434.34375,
    234.75545054563946
  ],
  "COF CSLD 205": [
    440.0625,
    231.53767166675027
  ],
  "COF CSLD 206": [
    445.15625,
    228.56981736097867
  ],
  "COF CSLD 207": [
    445.15625,
    228.56981736097867
  ],
  "COF Consultation Room": [
    416.25,
    249.81294408632064
  ],
  "COF Faculty Room": [
    424.53125,
    245.0955329134831
  ],
  "COF New Building 2F Hallway": [
    434.75,
    240.96844924585702
  ],
  "COF New Building Hallway": [
    434.75,
    240.96844924585702
  ],
  "COF New Building Pathway": [
    409.375,
    269.80488379165155
  ],
  "COF New Building Stairs": [
    410.75,
    248.80718431156453
  ],
  "COF New Building Stairs 1": [
    410.75,
    248.80718431156453
  ],
  "COF Reading Room": [
    451.6875,
    229.50430971404325
  ],
  "COF New Building Stairs 2": [
    453.8125,
    224.0351354378298
  ],
  "COF Room 2": [
    401.6875,
    306.6916400035579
  ],
  "COF Room 1": [
    405.625,
    313.22091947625535
  ],
  "COF Room 3": [
    398,
    300.32045944286557
  ],
  "COF Room 4": [
    394,
    293.7599393985284
  ],
  "COF Room 5": [
    390.3125,
    287.2619004974706
  ],
  "COF Room 6": [
    386.5,
    280.7638615964128
  ],
  "COF Room 7": [
    383.125,
    274.51574726847264
  ],
  "COF Room 8": [
    379.3125,
    267.892746080856
  ],
  "COF Student Council Office": [
    446.84375,
    232.22223944669724
  ],
  "CR": [
    419.875,
    247.62899953154
  ],
  "CR CCS": [
    620.984375,
    498.9228654545247
  ],
  "CTE CR": [
    664.6875,
    519.0634720744974
  ],
  "CTE CR 2": [
    628.0625,
    524.2554892124672
  ],
  "CTE Dean's Office": [
    642.125,
    504.883129153351
  ],
  "CTE Faculty Room": [
    652,
    515.1925177944523
  ],
  "CTE Hallway 1": [
    644.625,
    514.8176309347758
  ],
  "CTE Hallway 2": [
    649.75,
    530.9377659008616
  ],
  "CTE New Room": [
    630.9375,
    505.87871668073103
  ],
  "CTE Room 5": [
    656.5625,
    518.1877460907543
  ],
  "CTE Room 6": [
    654.90625,
    525.3418369962459
  ],
  "CTE Room 7": [
    650.1875,
    533.5268667658476
  ],
  "CTE Room 8": [
    645.9375,
    541.3633861668848
  ],
  "CTE Stairs": [
    647.0625,
    509.9943448905937
  ],
  "Cafe by the Bay": [
    513.21875,
    351.3160177317781
  ],