{
  "Alumni": [
    555.625,
    476.00720708081485
  ],
  "Bay Breeze": [
    597.0625,
    482.53238235662246
  ],
  "CBAA 2F Hallway": [
    530.5,
    416.5050366511729
  ],
  "CBAA CR 1": [
    527.5625,
    422.81563212239246
  ],
  "CBAA CR 2": [
    520.3125,
    442.18478653900706
  ],
  "CBAA Faculty": [
    520.375,
    430.6316394724237
  ],
  "CBAA Hallway": [
    530.5,
    416.5050366511729
  ],
  "CBAA Path": [
    527.5,
    414.5684040603204
  ],
  "CBAA Room 101": [
    520.375,
    430.6316394724237
  ],
  "CBAA Room 102": [
    530.75,
    418.94585543399813
  ],
  "CBAA Room 103": [
    535.375,
    413.9456668667922
  ],
  "CBAA Room 201": [
    518.6875,
    432.1285846836868
  ],
  "CBAA Room 202": [
    521.5625,
    428.3797160869227
  ],
  "CBAA Room 203": [
    530.75,
    418.94585543399813
  ],
  "CBAA Room 204": [
    535.375,
    413.9456668667922
  ],
  "CBAA Room 205": [
    539.625,
    408.7606370971905
  ],
  "CBAA Room 206": [
    543.9375,
    403.82462677811776
  ],
  "CBAA Stairs": [
    526.9375,
    427.87611445328844
  ],
  "CBAA Student Council": [
    543.9375,
    403.82462677811776
  ],
  "CCJE CR": [
    906.6875,
    692.1293200957901
  ],
  "CCJE Corridor 1": [
    896.375,
    690.067857215423
  ],
  "CCJE Corridor 2": [
    852.25,
    686.5115818399936
  ],
  "CCJE Entrance": [
    913,
    681.138203517965
  ],
  "CCJE Faculty Room": [
    846.125,
    687.8825068815712
  ],
  "CCJE Open Room 1": [
    868,
    689.318140066232
  ],
  "CCJE Open Room 2": [
    879.375,
    690.1303949288642
  ],
  "CCJE Pathway": [
    873.25,
    688.0067545195204
  ],
  "CCJE Room 1": [
    856.375,
    688.8814905254321
  ],
  "CCJE Room 2": [
    889.125,
    691.1308116834906
  ],
  "CCJE Room 3": [
    901.125,
    691.8850355889045
  ],
  "CCJE Stock Room": [
    840.625,
    694.0093944604042
  ],
  "CCS 2F Hallway": [
    598.8125,
    486.0078840159832
  ],
  "CCS 2F Stairs 2": [
    617.875,
    491.630698543167
  ],
  "CCS AVR": [
    591.75,
    479.2594321738454
  ],
  "CCS Dean Office": [
    585.9375,
    476.25556463934964
  ],
  "CCS Faculty Room Entrance": [
    564.5,
    456.6941206157031
  ],
  "CCS Hallway": [
    598.8125,
    486.0078840159832
  ],
  "CCS LAB 1": [
    585.9375,
    476.25556463934964
  ],
  "CCS LAB 2": [
    591.75,
    479.2594321738454
  ],
  "CCS LAB 3": [
    597.0625,
    482.53238235662246
  ],
  "CCS LAB 4": [
    601.625,
    485.75126530705325
  ],
  "CCS Room 47": [
    601.625,
    485.75126530705325
  ],
  "CCS Stairs 1": [
    584.3751713730848,
    471.5082575555273
  ],
  "CCS Stairs 2": [
    617.875,
    491.630698543167
  ],
  "CFND Room 1 Entrance": [
    462.3125,
    408.6897835699655
  ],
  "CFND Waiting Shed": [
    465.25,
    401.19421489930613
  ],
  "CHMT CR 1": [
    487.625,
    317.38914635399493
  ],
  "CHMT Dean's Office": [
    482.8125,
    337.00318869255426
  ],
  "CHMT Faculty": [
    475.3125,
    340.0665749584224
  ],
  "CHMT Open Room": [
    450.4375,
    329.7551686482171
  ],
  "CHMT Room 1": [
    490.625,
    339.50420695546654
  ],
  "CHMT Room 10": [
    424.625,
    323.69361148424696
  ],
  "CHMT Room 2": [
    489.25,
    331.81872462457056
  ],
  "CHMT Room 3": [
    488.4375,
    323.8184794872028
  ],
  "CHMT Room 4": [
    456.0625,
    344.50230242668613
  ],
  "CHMT Room 5": [
    453.1875,
    336.7546406600403
  ],
  "CHMT Room 6": [
    447.625,
    321.7569223232327
  ],
  "CHMT Room 7": [
    444.8125,
    316.75843086088054
  ],
  "CHMT Room 8": [
    440.25,
    317.00835543399813
  ],
  "CHMT Room 9": [
    418.0625,
    328.44240465412867
  ],
  "COF 2F CR FEMALE": [
    435.125,
    227.7588079952925
  ],
  "COF CR 1": [
    413.1875,
    240.31847948720278
  ],
  "COF CR 2": [
    435.125,
    227.7588079952925
  ],
  "COF CSLD 101 office of the dean": [
    409.375,
    242.44197094955493
  ],
  "COF CSLD 102": [
    419.0625,
    242.12956523315793
  ],
  "COF CSLD 103 Faculty": [
    423.8125,
    239.44287607214363
  ],
  "COF CSLD 104": [
    428.25,
    236.81866805440876
  ],
  "COF CSLD 105": [
    432.875,
    233.69461089043867
  ],
  "COF CSLD 106": [
    441.4375,
    228.94604400120411
  ],
  "COF CSLD 107": [
    444,
    222.82289195982275
  ],
  "COF CSLD 201": [
    413.1250147004798,
    245.3153985019282
  ],
  "COF CSLD 202": [
    419.0625,
    242.12956523315793
  ],
  "COF CSLD 203": [
    423.8125,
    239.44287607214363
  ],
  "COF CSLD 204": [
    428.25,
    236.81866805440876
  ],
  "COF CSLD 205": [
    432.875,
    233.69461089043867
  ],
  "COF CSLD 206": [
    441.4375,
    228.94604400120411
  ],
  "COF CSLD 207": [
    445.9062573502399,
    226.72334832330398
  ],
  "COF Faculty Room": [
    419.0625,
    242.12956523315793
  ],
  "COF New Building 2F Hallway": [
    429.875,
    238.00901732599226
  ],
  "COF New Building Hallway": [
    429.875,
    238.00901732599226
  ],
  "COF New Building Pathway": [
    411.875,
    262.00177634528256
  ],
  "COF New Building Stairs": [
    405.75,
    245.3817922329617
  ],
  "COF New Building Stairs 1": [
    405.75,
    245.3817922329617
  ],
  "COF New Building Stairs 2": [
    448.375,
    220.89284227123218
  ],
  "COF Reading Room": [
    444,
    222.82289195982275
  ],
  "COF Room 1": [
    400.37168622926237,
    308.93818689235025
  ],
  "COF Room 2": [
    396.93418622926237,
    302.62759142113066
  ],
  "COF Room 3": [
    393.24668622926237,
    295.8171468036759
  ],
  "COF Room 4": [
    389.55918622926237,
    289.6315136190151
  ],
  "COF Room 5": [
    385.99668622926237,
    283.4458804343543
  ],
  "COF Room 6": [
    382.37168622926237,
    277.3852095362523
  ],
  "COF Room 7": [
    378.62168622926237,
    270.5747649187975
  ],
  "COF Room 8": [
    374.74668622926237,
    264.4516128774161
  ],
  "COF Student Council Office": [
    441.4375,
    228.94604400120411
  ],
  "CR": [
    413.1875,
    240.31847948720278
  ],
  "CR CCS": [
    613.5,
    493.05950368819805
  ],
  "CTE CR": [
    656.625,
    514.2432908210134
  ],
  "CTE CR 2": [
    620.5,
    518.2420839908951
  ],
  "CTE Dean's Office": [
    633.75,
    502.9966850307211
  ],
  "CTE Faculty Room": [
    647.5,
    505.87081762157356
  ],
  "CTE Hallway 1": [
    637.375,
    508.93522024358083
  ],
  "CTE Hallway 2": [
    642.3125,
    525.4302420693429
  ],
  "CTE New Room": [
    624.125,
    500.243026826925
  ],
  "CTE Room 5": [
    649.75,
    512.4893309096879
  ],
  "CTE Room 6": [
    647.5,
    519.362256670422
  ],
  "CTE Room 7": [
    643.25,
    527.2348807236267
  ],
  "CTE Room 8": [
    639,
    535.2324670633901
  ],
  "CTE Stairs": [
    640.25,
    504.4917445699244
  ],
  "Cafe by the Bay": [
    507.25,
    347.00777278243277
  ],
  "Cafeteria Entrance": [
    503.875,
    416.5014369243118
  ],
  "Computer Shop": [
    563.5,
    483.13201851360884
  ],
  "End of Hall": [
    510.375,
    442.8190074753795
  ],
  "Female CHMT CR": [
    414.75,
    335.02776090626685
  ],
  "Fisheries Student Council": [
    441.4375,
    228.94604400120411
  ],
  "Fishpond": [
    424,
    292.30469211682737
  ],
  "Fishpond 5": [
    439.875,
    257.2850396004177
  ],
  "GAD": [
    514.6875,
    436.1925366511729
  ],
  "GSAE Office": [
    635.3125,
    499.6236442228901
  ],
  "Gate 1": [
    485,
    437.2626378163471
  ],
  "Gate 2": [
    529.625,
    468.0033603098128
  ],
  "Guesthouse": [
    492.125,
    348.8867704071996
  ],
  "Hall": [
    504.4375,
    438.18774704414096
  ],
  "IP TBM/ATBI": [
    581.0625,
    467.1270384325978
  ],
  "ITSO Entrance": [
    536.8125,
    439.13107377080576
  ],
  "J Consultation Room": [
    409.375,
    242.44197094955493
  ],
  "Joey Lina": [
    434.75,
    336.06993145468886
  ],
  "Joey Lina Stage": [
    417.375,
    341.63628013246404
  ],
  "Lacson Gym Entrance": [
    577.4375,
    485.7526984178187
  ],
  "Library": [
    86.5,
    166.75564006623202
  ],